,aic,param
0,27567.67067487708,"((2, 1, 2), (1, 1, 2, 7))"
1,27586.076274566054,"((1, 1, 1), (1, 1, 2, 7))"
2,27587.692215940227,"((2, 1, 1), (1, 1, 2, 7))"
3,27587.940276349196,"((2, 1, 2), (0, 1, 1, 7))"
4,27588.963877046524,"((1, 1, 1), (2, 1, 1, 7))"
5,27591.917836005363,"((0, 1, 2), (2, 1, 1, 7))"
