,aic,param
0,27581.105386271483,"((2, 1, 2), (2, 1, 2, 7))"
1,27589.57910231661,"((1, 1, 1), (2, 1, 1, 7))"
2,27596.98695947264,"((1, 1, 2), (1, 1, 2, 7))"
3,27597.110151220113,"((1, 1, 2), (2, 1, 2, 7))"
4,27598.08780968599,"((1, 1, 1), (1, 1, 1, 7))"
5,27598.19127946715,"((1, 1, 1), (0, 1, 2, 7))"
